{
  "languageserver": {
    "golang": {
      "command": "gopls",
      "rootPatterns": ["go.mod", ".vim/", ".git/", ".hg/"],
      "filetypes": ["go"]
    },
    "ccls": {
      "command": "ccls",
      "filetypes": ["c", "cpp", "cuda", "objc", "objcpp"],
      "rootPatterns": [".ccls-root", "compile_commands.json"],
      "initializationOptions": {
        "cache": {
          "directory": "/tmp/ccls-cache"
        }
      }
    }
  },
  "jedi": {
    "enable": true,
    "startupMessage": false,
    "executable.command": "jedi-language-server"
  },
  "suggest.triggerAfterInsertEnter": true,
  "suggest.noselect": false,
  "suggest.minTriggerInputLength": 2,
  "suggest.acceptSuggestionOnCommitCharacter": true,
  "suggest.snippetIndicator": " ►",
  "suggest.enablePreview": true,
  "coc.preferences.hoverTarget": "float",
  "coc.preferences.formatOnType": true,
  "coc.preferences.formatOnSaveFiletypes": [
    "typescript",
    "typescriptreact",
    "javascript",
    "javascriptreact"
  ],
  "tsserver.formatOnType": true,
  "eslint.autoFixOnSave": true,
  "eslint.filetypes": [
    "javascript",
    "javascriptreact",
    "typescript",
    "typescriptreact"
  ],
  "clangd.path": "/opt/homebrew/opt/llvm/bin/clangd",
  "python.jediEnabled": false
}
